{
  "Disabled": false,
  "Testing": false,
  "InstalledFromUrl": null,
  "Author": "Ottermandias",
  "Name": "GatherBuddy",
  "Punchline": "Adds commands to simplify gathering by finding nodes and fish and their locations via item name and a UI to keep track of special uptime and weather conditions.",
  "Description": "",
  "Tags": null,
  "IsHide": false,
  "InternalName": "GatherBuddy",
  "AssemblyVersion": "2.1.0.0",
  "TestingAssemblyVersion": null,
  "IsTestingExclusive": false,
  "RepoUrl": "https://github.com/Ottermandias/GatherBuddy",
  "ApplicableVersion": "any",
  "DalamudApiLevel": 4,
  "DownloadCount": 0,
  "LastUpdate": 0,
  "DownloadLinkInstall": null,
  "DownloadLinkUpdate": null,
  "DownloadLinkTesting": null,
  "LoadPriority": 0,
  "ImageUrls": null,
  "IconUrl": null
}