{
  "Author": "Ottermandias",
  "Name": "GatherBuddy",
  "Punchline": "Simplify Gathering and Fishing.",
  "Description": "Adds commands to simplify gathering by finding nodes and fish and their locations via item name and a UI to keep track of special uptime and weather conditions.",
  "Tags": ["Gathering", "Fishing", "Miner", "Botanist", "Weather", "Alarms", "Timer"],
  "InternalName": "GatherBuddy",
  "AssemblyVersion": "3.0.0.1",
  "RepoUrl": "https://github.com/Ottermandias/GatherBuddy",
  "ApplicableVersion": "any",
  "DalamudApiLevel": 5,
  "LoadPriority": 0,
  "ImageUrls": null,
  "IconUrl": "https://raw.githubusercontent.com/Ottermandias/GatherBuddy/main/images/icon.png"
}